pos,peptide,score,DRB1_0301,DRB1_0701,DRB1_1501,DRB3_0101,DRB3_0202,DRB4_0101,DRB5_0101
1,EPTGPYLMVNVTGVD,2,-,9.0,-,6.5,-,-,-
2,TAYKEFRVVELDPSA,1,-,-,-,-,-,0.8,-
3,FEPTGPYLMVNVTGV,2,-,5.5,-,9.5,-,-,-
6,KGFVVPDLSEHIKNP,2,4.5,-,-,2.5,-,-,-
7,FVVPDLSEHIKNPGF,1,-,-,-,9.0,-,-,-
8,EHIKNPGFNLITKVV,1,-,-,-,-,8.0,-,-
10,KIEYYVEWALDATAY,1,-,-,-,8.5,-,-,-
14,SEHIKNPGFNLITKV,1,-,-,-,-,6.0,-,-
17,RVVELDPSAKIEVTY,2,2.5,-,-,1.7,-,-,-
19,ITEKGFVVPDLSEHI,1,-,-,-,2.5,-,-,-
21,ATAYKEFRVVELDPS,1,-,-,-,-,-,1.6,-
26,AYKEFRVVELDPSAK,1,-,-,-,-,-,0.5,-
27,DKNKKKEETKSFPIT,1,-,4.0,-,-,-,-,-
29,GPYLMVNVTGVDSKG,2,-,-,-,10.0,10.0,-,-
31,LSEHIKNPGFNLITK,1,-,-,-,-,6.0,-,-
34,EKIEYYVEWALDATA,1,-,-,7.0,-,-,-,-
36,EFRVVELDPSAKIEV,3,1.7,-,-,1.0,-,5.0,-
40,YYVEWALDATAYKEF,2,6.5,-,-,1.0,-,-,-
42,YVEWALDATAYKEFR,2,5.5,-,-,1.2,-,-,-
43,KKKEETKSFPITEKG,1,-,6.0,-,-,-,-,-
44,DLSEHIKNPGFNLIT,1,-,-,-,-,9.0,-,-
45,GFVVPDLSEHIKNPG,2,7.5,-,-,4.5,-,-,-
46,TLTKEKIEYYVEWAL,1,-,-,9.5,-,-,-,-
49,TKEKIEYYVEWALDA,1,-,-,6.0,-,-,-,-
50,HIKNPGFNLITKVVI,1,-,-,-,-,9.5,-,-
53,KEFRVVELDPSAKIE,3,3.0,-,-,1.2,-,0.6,-
55,VVELDPSAKIEVTYY,2,8.0,-,-,4.0,-,-,-
56,NKKKEETKSFPITEK,1,-,5.0,-,-,-,-,-
64,YKEFRVVELDPSAKI,3,6.5,-,-,1.4,-,0.4,-
65,EYYVEWALDATAYKE,2,9.0,-,-,1.3,-,-,-
68,IEYYVEWALDATAYK,1,-,-,-,1.5,-,-,-
69,KEKIEYYVEWALDAT,1,-,-,5.5,-,-,-,-
74,ALDATAYKEFRVVEL,1,-,8.0,-,-,-,-,-
81,TEKGFVVPDLSEHIK,2,4.5,-,-,2.5,-,-,-
86,FRVVELDPSAKIEVT,2,1.5,-,-,1.1,-,-,-
88,EKGFVVPDLSEHIKN,2,4.0,-,-,2.5,-,-,-
90,PTGPYLMVNVTGVDS,1,-,-,-,6.5,-,-,-
91,TGPYLMVNVTGVDSK,1,-,-,-,7.5,-,-,-
94,KNKKKEETKSFPITE,1,-,4.5,-,-,-,-,-
95,YDKNKKKEETKSFPI,1,-,6.0,-,-,-,-,-
100,LTKEKIEYYVEWALD,1,-,-,7.5,-,-,-,-
101,KKEETKSFPITEKGF,1,-,9.5,-,-,-,-,-
102,VEWALDATAYKEFRV,2,6.5,-,-,1.9,-,-,-
106,EWALDATAYKEFRVV,1,-,-,-,4.5,-,-,-
