peptide,score,DRB1_0101,DRB1_0301,DRB1_0401,DRB1_0701,DRB1_0801,DRB1_1101,DRB1_1301,DRB1_1501
AKIEVTYYD,0.0,0,0,0,0,0,0,0,0
ALDATAYKE,0.0,0,0,0,0,0,0,0,0
ATAYKEFRV,0.0,0,0,0,0,0,0,0,0
AYKEFRVVE,0.0,0,0,0,0,0,0,0,0
DATAYKEFR,0.0,0,0,0,0,0,0,0,0
DKNKKKEET,0.0,0,0,0,0,0,0,0,0
DLSEHIKNP,0.0,0,0,0,0,0,0,0,0
DPSAKIEVT,0.0,0,0,0,0,0,0,0,0
DSKGNELLS,0.0,0,0,0,0,0,0,0,0
EETKSFPIT,0.0,0,0,0,0,0,0,0,0
EFPIKPGTT,0.0,0,0,0,0,0,0,0,0
EFRVVELDP,0.0,0,0,0,0,0,0,0,0
EHIKNPGFN,0.0,0,0,0,0,0,0,0,0
EKGFVVPDL,0.0,0,0,0,0,0,0,0,0
EKIEYYVEW,0.0,0,0,0,0,0,0,0,0
ELDPSAKIE,0.0,0,0,0,0,0,0,0,0
ELLSPHYVE,0.0,0,0,0,0,0,0,0,0
EPTGPYLMV,0.0,0,0,0,0,0,0,0,0
ETKSFPITE,0.0,0,0,0,0,0,0,0,0
EVTYYDKNK,0.0,0,0,0,0,0,0,0,0
EWALDATAY,0.0,0,0,0,0,0,0,0,0
EYYVEWALD,0.0,0,0,0,0,0,0,0,0
FEPTGPYLM,2.0,5.0,0,0,2.0,0,0,0,0
FNLITKVVI,6.0,1.0,2.0,0,1.0,3.0,1.0,5.0,0
FPIKPGTTL,1.0,0,0,0,5.0,0,0,0,0
FPITEKGFV,2.0,0,0,0,5.0,0,5.0,0,0
FRVVELDPS,4.0,0,5.0,4.0,0,4.0,3.0,0,0
FVVPDLSEH,1.0,0,0,0,0,3.0,0,0,0
GFNLITKVV,0.0,0,0,0,0,0,0,0,0
GFVVPDLSE,0.0,0,0,0,0,0,0,0,0
GNELLSPHY,0.0,0,0,0,0,0,0,0,0
GPYLMVNVT,0.0,0,0,0,0,0,0,0,0
GTTLTKEKI,0.0,0,0,0,0,0,0,0,0
GVDSKGNEL,0.0,0,0,0,0,0,0,0,0
HIKNPGFNL,0.0,0,0,0,0,0,0,0,0
HYVEFPIKP,0.0,0,0,0,0,0,0,0,0
IEVTYYDKN,0.0,0,0,0,0,0,0,0,0
IEYYVEWAL,1.0,0,0,0,0,0,0,0,3.0
IKNPGFNLI,1.0,0,0,0,5.0,0,0,0,0
IKPGTTLTK,3.0,0,4.0,5.0,0,0,4.0,0,0
ITEKGFVVP,0.0,0,0,0,0,0,0,0,0
ITKVVIEKK,0.0,0,0,0,0,0,0,0,0
KEETKSFPI,0.0,0,0,0,0,0,0,0,0
KEFRVVELD,0.0,0,0,0,0,0,0,0,0
KEKIEYYVE,0.0,0,0,0,0,0,0,0,0
KGFVVPDLS,0.0,0,0,0,0,0,0,0,0
KGNELLSPH,0.0,0,0,0,0,0,0,0,0
KIEVTYYDK,0.0,0,0,0,0,0,0,0,0
KIEYYVEWA,0.0,0,0,0,0,0,0,0,0
KKEETKSFP,0.0,0,0,0,0,0,0,0,0
KKKEETKSF,0.0,0,0,0,0,0,0,0,0
KNKKKEETK,0.0,0,0,0,0,0,0,0,0
KNPGFNLIT,0.0,0,0,0,0,0,0,0,0
KPGTTLTKE,0.0,0,0,0,0,0,0,0,0
KSFPITEKG,0.0,0,0,0,0,0,0,0,0
LDATAYKEF,0.0,0,0,0,0,0,0,0,0
LDPSAKIEV,0.0,0,0,0,0,0,0,0,0
LITKVVIEK,3.0,0,0,0,0,4.0,3.0,4.0,0
LLSPHYVEF,0.0,0,0,0,0,0,0,0,0
LMVNVTGVD,1.0,0,0,0,0,3.0,0,0,0
LSEHIKNPG,0.0,0,0,0,0,0,0,0,0
LSPHYVEFP,0.0,0,0,0,0,0,0,0,0
LTKEKIEYY,0.0,0,0,0,0,0,0,0,0
MVNVTGVDS,6.0,1.0,3.0,0,5.0,0,3.0,5.0,3.0
NELLSPHYV,0.0,0,0,0,0,0,0,0,0
NKKKEETKS,0.0,0,0,0,0,0,0,0,0
NLITKVVIE,0.0,0,0,0,0,0,0,0,0
NPGFNLITK,0.0,0,0,0,0,0,0,0,0
NVTGVDSKG,0.0,0,0,0,0,0,0,0,0
PDLSEHIKN,0.0,0,0,0,0,0,0,0,0
PGFNLITKV,0.0,0,0,0,0,0,0,0,0
PGTTLTKEK,0.0,0,0,0,0,0,0,0,0
PHYVEFPIK,0.0,0,0,0,0,0,0,0,0
PIKPGTTLT,0.0,0,0,0,0,0,0,0,0
PITEKGFVV,0.0,0,0,0,0,0,0,0,0
PSAKIEVTY,0.0,0,0,0,0,0,0,0,0
PTGPYLMVN,0.0,0,0,0,0,0,0,0,0
PYLMVNVTG,0.0,0,0,0,0,0,0,0,0
RVVELDPSA,0.0,0,0,0,0,0,0,0,0
SAKIEVTYY,0.0,0,0,0,0,0,0,0,0
SEHIKNPGF,0.0,0,0,0,0,0,0,0,0
SFPITEKGF,0.0,0,0,0,0,0,0,0,0
SKGNELLSP,0.0,0,0,0,0,0,0,0,0
SPHYVEFPI,0.0,0,0,0,0,0,0,0,0
SYFEPTGPY,0.0,0,0,0,0,0,0,0,0
TAYKEFRVV,0.0,0,0,0,0,0,0,0,0
TEKGFVVPD,0.0,0,0,0,0,0,0,0,0
TGPYLMVNV,0.0,0,0,0,0,0,0,0,0
TGVDSKGNE,0.0,0,0,0,0,0,0,0,0
TKEKIEYYV,0.0,0,0,0,0,0,0,0,0
TKSFPITEK,0.0,0,0,0,0,0,0,0,0
TLTKEKIEY,0.0,0,0,0,0,0,0,0,0
TTLTKEKIE,0.0,0,0,0,0,0,0,0,0
TYYDKNKKK,0.0,0,0,0,0,0,0,0,0
VDSKGNELL,0.0,0,0,0,0,0,0,0,0
VEFPIKPGT,0.0,0,0,0,0,0,0,0,0
VELDPSAKI,2.0,0,2.0,2.0,0,0,0,0,0
VEWALDATA,0.0,0,0,0,0,0,0,0,0
VNVTGVDSK,1.0,0,0,4.0,0,0,0,0,0
VPDLSEHIK,0.0,0,0,0,0,0,0,0,0
VTGVDSKGN,0.0,0,0,0,0,0,0,0,0
VTYYDKNKK,1.0,0,0,0,0,0,0,4.0,0
VVELDPSAK,0.0,0,0,0,0,0,0,0,0
VVPDLSEHI,4.0,0,1.0,1.0,2.0,0,0,0,5.0
WALDATAYK,2.0,0,4.0,1.0,0,0,0,0,0
YDKNKKKEE,0.0,0,0,0,0,0,0,0,0
YFEPTGPYL,0.0,0,0,0,0,0,0,0,0
YKEFRVVEL,2.0,4.0,0,0,2.0,0,0,0,0
YLMVNVTGV,5.0,1.0,4.0,3.0,1.0,0,2.0,0,0
YVEFPIKPG,2.0,0,0,0,0,4.0,4.0,0,0
YVEWALDAT,0.0,0,0,0,0,0,0,0,0
YYDKNKKKE,1.0,0,0,0,0,1.0,0,0,0
YYVEWALDA,3.0,1.0,0,1.0,0,0,3.0,0,0
