pos,peptide,score,DRB1_0101,DRB1_0301,DRB1_0401,DRB1_0405,DRB1_0701,DRB1_0802,DRB1_0901,DRB1_1101,DRB1_1201,DRB1_1302,DRB1_1501,DRB3_0101,DRB3_0202,DRB4_0101,DRB5_0101,DPA10103_DPB10201,DPA10103_DPB10401,DPA10201_DPB10101,DPA10201_DPB10501,DPA10201_DPB11401,DPA10301_DPB10402,DQA10101_DQB10501,DQA10102_DQB10602,DQA10301_DQB10302,DQA10401_DQB10402,DQA10501_DQB10201,DQA10501_DQB10301
1,PHAQKLARRLLELKQ,4,-,-,-,-,-,-,-,7.5,-,-,-,-,-,-,-,-,-,9.5,8.5,4.5,-,-,-,-,-,-,-
2,AEAVLQAVYETESAF,3,-,-,-,-,-,-,-,-,-,-,-,-,-,-,-,-,-,-,-,-,-,-,-,2.0,3.0,5.0,-
4,VFAFNRPIPFPHAQK,7,7.5,-,-,-,8.5,-,-,9.5,-,2.5,-,5.0,2.0,-,7.0,-,-,-,-,-,-,-,-,-,-,-,-
5,QQLNRLLLEWIGAWD,3,-,-,-,-,-,-,-,-,-,-,-,-,-,7.5,-,5.5,-,-,-,-,-,6.5,-,-,-,-,-
6,GKDAYDVEAEAVLQA,3,-,-,-,-,-,-,-,-,-,-,-,-,-,-,-,-,-,-,-,-,-,-,-,0.17,0.4,0.5,-
8,KDAYDVEAEAVLQAV,4,-,-,-,-,-,-,-,-,-,-,-,-,-,-,-,-,-,-,-,-,-,-,8.5,0.1,0.25,0.5,-
9,DVEAEAVLQAVYETE,4,-,-,-,-,-,-,-,-,-,-,-,-,-,-,-,-,-,-,-,-,-,-,7.0,0.4,0.7,3.0,-
10,VYETESAFDLAMRIM,6,-,-,-,-,-,-,-,-,-,-,-,9.5,-,-,-,-,-,-,-,5.0,-,2.5,-,7.5,8.0,9.0,-
11,AMRIMWIYVFAFNRP,3,-,-,-,-,-,-,-,-,-,-,-,-,-,-,9.0,3.5,9.5,-,-,-,-,-,-,-,-,-,-
13,RLLLEWIGAWDPFGL,2,-,-,-,-,-,-,-,-,-,-,-,-,-,-,-,7.0,-,-,-,-,-,1.1,-,-,-,-,-
15,FPHAQKLARRLLELK,3,-,-,-,-,-,-,-,7.5,-,-,-,-,-,-,-,-,-,-,8.5,4.0,-,-,-,-,-,-,-
17,MWIYVFAFNRPIPFP,19,1.8,6.5,7.0,10.0,1.3,3.5,7.0,6.0,-,0.4,3.0,1.4,0.5,4.5,6.0,5.0,6.5,-,9.0,-,-,4.0,-,-,-,8.0,-
18,FAFNRPIPFPHAQKL,3,-,-,-,-,-,-,-,-,-,7.5,-,-,5.0,-,9.0,-,-,-,-,-,-,-,-,-,-,-,-
19,QKLARRLLELKQAAS,3,-,-,-,-,-,-,-,-,10.0,-,-,-,-,8.5,-,-,-,-,-,6.0,-,-,-,-,-,-,-
21,NRLLLEWIGAWDPFG,3,-,-,-,-,-,-,-,-,-,-,-,-,-,-,-,6.5,-,-,-,-,-,2.5,-,9.0,-,-,-
22,SAFDLAMRIMWIYVF,2,-,-,-,-,-,-,-,-,-,-,-,-,-,-,-,-,-,-,-,9.0,-,-,6.5,-,-,-,-
23,GLGKDAYDVEAEAVL,4,-,-,-,-,-,-,-,-,-,-,-,-,-,-,-,-,-,-,-,-,-,8.0,-,0.6,1.3,0.5,-
25,YETESAFDLAMRIMW,2,-,-,-,-,-,-,-,-,-,-,-,-,-,-,-,-,-,-,-,4.5,-,2.5,-,-,-,-,-
26,VEAEAVLQAVYETES,3,-,-,-,-,-,-,-,-,-,-,-,-,-,-,-,-,-,-,-,-,-,-,-,1.0,1.5,5.0,-
27,FDLAMRIMWIYVFAF,2,-,-,-,-,-,-,-,-,-,-,-,-,-,-,-,6.5,-,-,-,-,-,-,8.5,-,-,-,-
28,LAMRIMWIYVFAFNR,1,-,-,-,-,-,-,-,-,-,-,-,-,-,-,-,3.5,-,-,-,-,-,-,-,-,-,-,-
29,LGKDAYDVEAEAVLQ,4,-,-,-,-,-,-,-,-,-,-,-,-,-,-,-,-,-,-,-,-,-,9.0,-,0.2,0.5,0.5,-
30,LLEWIGAWDPFGLGK,1,-,-,-,-,-,-,-,-,-,-,-,-,-,-,-,-,-,-,-,-,-,3.5,-,-,-,-,-
31,AYDVEAEAVLQAVYE,4,-,-,-,-,-,-,-,-,-,-,-,-,-,-,-,-,-,-,-,-,-,-,4.0,0.15,0.25,0.8,-
32,MRIMWIYVFAFNRPI,9,-,-,-,-,2.5,-,7.0,-,-,8.0,6.5,9.0,-,-,6.0,2.5,7.5,-,8.5,-,-,-,-,-,-,-,-
33,AFDLAMRIMWIYVFA,1,-,-,-,-,-,-,-,-,-,-,-,-,-,-,-,-,-,-,-,-,-,-,7.5,-,-,-,-
34,EAEAVLQAVYETESA,3,-,-,-,-,-,-,-,-,-,-,-,-,-,-,-,-,-,-,-,-,-,-,-,1.5,2.5,5.5,-
35,HAQKLARRLLELKQA,5,-,-,-,-,-,-,-,7.0,-,-,-,-,-,-,-,-,-,8.5,7.0,3.5,8.5,-,-,-,-,-,-
36,PFGLGKDAYDVEAEA,2,-,-,-,-,-,-,-,-,-,-,-,-,-,-,-,-,-,-,-,-,-,-,-,5.0,5.5,-,-
37,PFPHAQKLARRLLEL,1,-,-,-,-,-,-,-,-,-,-,-,-,-,-,-,-,-,-,-,4.5,-,-,-,-,-,-,-
38,DAYDVEAEAVLQAVY,4,-,-,-,-,-,-,-,-,-,-,-,-,-,-,-,-,-,-,-,-,-,-,5.0,0.17,0.4,0.5,-
39,AVYETESAFDLAMRI,5,-,-,-,-,-,-,-,-,-,-,-,8.5,-,-,-,-,-,-,-,-,-,2.0,-,6.0,8.5,5.0,-
40,IPFPHAQKLARRLLE,1,-,-,-,-,-,-,-,-,-,-,-,-,-,-,-,-,-,-,-,9.5,-,-,-,-,-,-,-
41,IMWIYVFAFNRPIPF,18,2.5,8.5,8.5,-,0.9,4.5,6.0,7.5,-,0.6,3.5,1.5,1.0,6.0,6.0,3.0,7.0,-,9.0,-,-,5.0,-,-,-,9.0,-
42,YDVEAEAVLQAVYET,4,-,-,-,-,-,-,-,-,-,-,-,-,-,-,-,-,-,-,-,-,-,-,4.5,0.25,0.6,2.5,-
43,DLAMRIMWIYVFAFN,1,-,-,-,-,-,-,-,-,-,-,-,-,-,-,-,5.5,-,-,-,-,-,-,-,-,-,-,-
44,ESAFDLAMRIMWIYV,2,-,-,-,-,-,-,-,-,-,-,-,-,-,-,-,-,-,-,-,5.0,-,-,6.0,-,-,-,-
45,TESAFDLAMRIMWIY,3,-,-,-,-,-,-,-,-,-,-,-,-,-,-,-,-,-,-,-,4.5,-,7.5,6.0,-,-,-,-
46,RIMWIYVFAFNRPIP,15,7.5,-,-,9.5,3.5,9.5,8.0,-,-,5.5,5.5,8.5,4.0,10.0,6.0,3.0,7.5,-,8.5,-,-,9.5,-,-,-,-,-
47,FGLGKDAYDVEAEAV,4,-,-,-,-,-,-,-,-,-,-,-,-,-,-,-,-,-,-,-,-,-,8.5,-,0.8,1.5,0.9,-
48,QLNRLLLEWIGAWDP,2,-,-,-,-,-,-,-,-,-,-,-,-,-,-,-,5.5,-,-,-,-,-,4.5,-,-,-,-,-
50,ETESAFDLAMRIMWI,4,-,-,-,-,-,-,-,-,-,-,-,10.0,-,-,-,-,-,-,-,4.0,-,4.0,-,-,8.5,-,-
51,EAVLQAVYETESAFD,3,-,-,-,-,-,-,-,-,-,-,-,-,-,-,-,-,-,-,-,-,-,-,-,2.0,3.5,3.5,-
54,LNRLLLEWIGAWDPF,3,-,-,-,-,-,-,-,-,-,-,-,-,-,-,-,5.5,-,-,-,-,-,3.0,-,7.5,-,-,-
55,AQKLARRLLELKQAA,6,-,-,-,-,-,-,-,8.5,-,-,-,-,-,9.5,-,-,-,8.5,6.5,3.0,8.5,-,-,-,-,-,-
57,LLLEWIGAWDPFGLG,1,-,-,-,-,-,-,-,-,-,-,-,-,-,-,-,-,-,-,-,-,-,1.4,-,-,-,-,-
58,VLQAVYETESAFDLA,4,-,-,-,-,-,-,-,-,-,-,-,10.0,-,-,-,-,-,-,-,-,-,-,-,4.0,5.0,2.5,-
59,DGQQLNRLLLEWIGA,1,-,-,-,-,-,-,-,-,-,-,-,-,-,8.0,-,-,-,-,-,-,-,-,-,-,-,-,-
60,GQQLNRLLLEWIGAW,2,-,-,-,-,-,-,-,-,-,-,-,-,-,6.0,-,6.5,-,-,-,-,-,-,-,-,-,-,-
61,LQAVYETESAFDLAM,5,-,-,-,-,-,-,-,-,-,-,-,9.5,-,-,-,-,-,-,-,-,-,3.5,-,5.0,7.0,2.5,-
62,AVLQAVYETESAFDL,3,-,-,-,-,-,-,-,-,-,-,-,-,-,-,-,-,-,-,-,-,-,-,-,4.5,5.0,2.5,-
63,QAVYETESAFDLAMR,4,-,-,-,-,-,-,-,-,-,-,-,-,-,-,-,-,-,-,-,-,-,3.0,-,6.0,9.5,4.0,-
64,YVFAFNRPIPFPHAQ,11,3.0,7.0,-,-,2.5,4.0,-,5.5,-,0.7,6.0,3.0,0.7,-,6.5,-,-,-,-,-,-,9.5,-,-,-,-,-
65,LEWIGAWDPFGLGKD,1,-,-,-,-,-,-,-,-,-,-,-,-,-,-,-,-,-,-,-,-,-,5.0,-,-,-,-,-
66,WIYVFAFNRPIPFPH,19,1.6,5.0,7.0,8.5,1.2,3.0,7.0,5.0,-,0.4,2.5,1.5,0.4,4.5,4.5,7.0,7.5,-,10.0,-,-,4.5,-,-,-,10.0,-
67,EWIGAWDPFGLGKDA,1,-,-,-,-,-,-,-,-,-,-,-,-,-,-,-,-,-,-,-,-,-,7.5,-,-,-,-,-
68,IYVFAFNRPIPFPHA,15,1.5,4.5,7.5,10.0,1.6,3.0,9.0,4.0,-,0.4,3.0,1.6,0.3,4.5,6.0,-,-,-,-,-,-,6.0,-,-,-,-,-
